INSERT INTO Track VALUES ('Application And Database Development');
INSERT INTO Track VALUES ('Analytics And Visualization');
INSERT INTO Track VALUES ('Advanced Analysis Techniques');
INSERT INTO Track VALUES ('Cloud Application Development');
INSERT INTO Track VALUES ('Enterprise Database Administration');

INSERT INTO Room VALUES ('A-1');
INSERT INTO Room VALUES ('A-2');
INSERT INTO Room VALUES ('A-3');
INSERT INTO Room VALUES ('A-4');
INSERT INTO Room VALUES ('A-5');
INSERT INTO Room VALUES ('A-6');
INSERT INTO Room VALUES ('A-7');
INSERT INTO Room VALUES ('B-1');

INSERT INTO Sponsor VALUES ('VMWare','Platinum Sponsor');
INSERT INTO Sponsor VALUES ('Verizon Digital Media Services','Platinum Sponsor');
INSERT INTO Sponsor VALUES ('Microsoft Corporation (GAP) (GAP Sponsor)','Platinum Sponsor');
INSERT INTO Sponsor VALUES ('Tintri','Platinum Sponsor');
INSERT INTO Sponsor VALUES ('Amazon Web Services, LLC','Gold Sponsor');
INSERT INTO Sponsor VALUES ('Pyramid Analytics (GAP Sponsor)','Gold Sponsor');
INSERT INTO Sponsor VALUES ('Pure Storage','Gold Sponsor');
INSERT INTO Sponsor VALUES ('Profisee','Gold Sponsor');
INSERT INTO Sponsor VALUES ('NetLib Security','Silver Sponsor');
INSERT INTO Sponsor VALUES ('Melissa Data Corp.','Silver Sponsor');
INSERT INTO Sponsor VALUES ('Red Gate Software','Silver Sponsor');
INSERT INTO Sponsor VALUES ('SentryOne','Silver Sponsor');
INSERT INTO Sponsor VALUES ('Hush Hush','Bronze Sponsor');
INSERT INTO Sponsor VALUES ('COZYROC','Bronze Sponsor');
INSERT INTO Sponsor VALUES ('SQLDocKit by Acceleratio Ltd.','Bronze Sponsor');

INSERT INTO TimeSlot (timeStart) VALUES ('8:00 AM');
INSERT INTO TimeSlot (timeStart) VALUES ('9:00 AM');
INSERT INTO TimeSlot (timeStart) VALUES ('10:00 AM');
INSERT INTO TimeSlot (timeStart) VALUES ('11:00 AM');
INSERT INTO TimeSlot (timeStart) VALUES ('12:00 PM');
INSERT INTO TimeSlot (timeStart) VALUES ('1:00 PM');
INSERT INTO TimeSlot (timeStart) VALUES ('2:00 PM');
INSERT INTO TimeSlot (timeStart) VALUES ('3:00 PM');
INSERT INTO TimeSlot (timeStart) VALUES ('4:00 PM');
INSERT INTO TimeSlot (timeStart) VALUES ('5:00 PM');
INSERT INTO TimeSlot (timeStart) VALUES ('6:00 PM');

INSERT INTO Roles VALUES ('Presenter');
INSERT INTO Roles VALUES ('Attendee');
INSERT INTO Roles VALUES ('Organizer');
INSERT INTO Roles VALUES ('Volunteer');
INSERT INTO Roles VALUES ('Sponsor');

INSERT INTO Difficulty VALUES ('Non-Technical');
INSERT INTO Difficulty VALUES ('Beginner');
INSERT INTO Difficulty VALUES ('Intermediate');
INSERT INTO Difficulty VALUES ('Advanced');

INSERT INTO Person VALUES ('Amanda' , 'Long' , '10 Napa Ct.' , 'Lebanon' , '97355' , 'Oregon' , 'ALong@gmail.com' ) ;
INSERT INTO Person VALUES ('Christian' , 'Shan' , '1000 Bidweld Street' , 'Haney' , 'V2W 1W2' , 'British Columbia' , 'CShan@gmail.com' ) ;
INSERT INTO Person VALUES ('Troy' , 'Sara' , '1002 N. Spoonwood Court' , 'Hervey Bay' , '4655' , 'Queensland' , 'TSara@gmail.com' ) ;
INSERT INTO Person VALUES ('Kaitlyn' , 'Baker' , '1003 Matterhorn Ct' , 'Lebanon' , '97355' , 'Oregon' , 'KBaker@gmail.com' ) ;
INSERT INTO Person VALUES ('Suzanne' , 'Ma' , '1005 Matterhorn Ct.' , 'Cambridge' , 'CB4 4BZ' , 'England' , 'SMa@gmail.com' ) ;
INSERT INTO Person VALUES ('Anna' , 'Jones' , '1005 Matterhorn Ct.' , 'Mill Valley' , '94941' , 'California' , 'AJones@gmail.com' ) ;
INSERT INTO Person VALUES ('Carlos' , 'Baker' , '1005 Tanager Court' , 'Corvallis' , '97330' , 'Oregon' , 'CBaker@gmail.com' ) ;
INSERT INTO Person VALUES ('Tanya' , 'Munoz' , '1005 Tanager Court' , 'Milsons Point' , '2061' , 'New South Wales' , 'TMunoz@gmail.com' ) ;
INSERT INTO Person VALUES ('Tabitha' , 'Gill' , '1006 Deercreek Ln' , 'Bellflower' , '90706' , 'California' , 'TGill@gmail.com' ) ;
INSERT INTO Person VALUES ('Alexis' , 'Lee' , '1006 Deercreek Ln' , 'Torrance' , '90505' , 'California' , 'ALee@gmail.com' ) ;
INSERT INTO Person VALUES ('Erick' , 'Suri' , '101 Adobe Dr' , 'Coffs Harbour' , '2450' , 'New South Wales' , 'ESuri@gmail.com' ) ;
INSERT INTO Person VALUES ('Marcus' , 'Evans' , '101 Adobe Dr' , 'Puyallup' , '98371' , 'Washington' , 'MEvans@gmail.com' ) ;
INSERT INTO Person VALUES ('Marcus' , 'Clark' , '101, avenue de la Gare' , 'Peterborough' , 'PB12' , 'England' , 'MClark@gmail.com' ) ;
INSERT INTO Person VALUES ('Gilbert' , 'Xu' , '1010 Maple' , 'Baltimore' , '21201' , 'Maryland' , 'GXu@gmail.com' ) ;
INSERT INTO Person VALUES ('Paula' , 'Rubio' , '1011 Yolanda Circle' , 'Berkeley' , '94704' , 'California' , 'PRubio@gmail.com' ) ;
INSERT INTO Person VALUES ('Julian' , 'Isla' , '1011 Yolanda Circle' , 'N. Vancouver' , 'V7L 4J4' , 'British Columbia' , 'JIsla@gmail.com' ) ;
INSERT INTO Person VALUES ('Jesse' , 'Scott' , '1013 Holiday Hills Dr.' , 'Bremerton' , '98312' , 'Washington' , 'JScott@gmail.com' ) ;
INSERT INTO Person VALUES ('Naomi' , 'Sanz' , '1013 Holiday Hills Dr.' , 'Gateshead' , 'GA10' , 'England' , 'NSanz@gmail.com' ) ;
INSERT INTO Person VALUES ('Isabella' , 'Lee' , '1015 Lynwood Drive' , 'Metchosin' , 'V9' , 'British Columbia' , 'ILee@gmail.com' ) ;
INSERT INTO Person VALUES ('Dawn' , 'Yuan' , '1019 Carletto Drive' , 'Berkeley' , '94704' , 'California' , 'DYuan@gmail.com' ) ;
INSERT INTO Person VALUES ('Olivia' , 'Blue' , '1019 Mt. Davidson Court' , 'Burien' , '98168' , 'Washington' , 'OBlue@gmail.com' ) ;
INSERT INTO Person VALUES ('Emmanuel' , 'Lopez' , '1019 Mt. Davidson Court' , 'London' , 'SW8 4BG' , 'England' , 'ELopez@gmail.com' ) ;
INSERT INTO Person VALUES ('Nathan' , 'Yang' , '102 Vista Place' , 'Santa Monica' , '90401' , 'California' , 'NYang@gmail.com' ) ;
INSERT INTO Person VALUES ('Gabrielle' , 'Wood' , '1020 Book Road' , 'Bremerton' , '98312' , 'Washington' , 'GWood@gmail.com' ) ;
INSERT INTO Person VALUES ('Katrina' , 'Anand' , '1020 Carletto Drive' , 'Matraville' , '2036' , 'New South Wales' , 'KAnand@gmail.com' ) ;
INSERT INTO Person VALUES ('Anthony' , 'Jones' , '1020 Carletto Drive' , 'Santa Cruz' , '95062' , 'California' , 'AJones@gmail.com' ) ;
INSERT INTO Person VALUES ('Natalie' , 'Reed' , '1023 Hawkins Street' , 'Lebanon' , '97355' , 'Oregon' , 'NReed@gmail.com' ) ;
INSERT INTO Person VALUES ('Dakota' , 'Ross' , '1024 Walnut Blvd.' , 'Colma' , '94014' , 'California' , 'DRoss@gmail.com' ) ;
INSERT INTO Person VALUES ('Shawn' , 'Goel' , '1025 Holly Oak Drive' , 'Leeds' , 'LE18' , 'England' , 'SGoel@gmail.com' ) ;
INSERT INTO Person VALUES ('Nicole' , 'Diaz' , '1025 R St.' , 'Kirkland' , '98033' , 'Washington' , 'NDiaz@gmail.com' ) ;
INSERT INTO Person VALUES ('Wyatt' , 'Davis' , '1025 Yosemite Dr.' , 'Oregon City' , '97045' , 'Oregon' , 'WDavis@gmail.com' ) ;
INSERT INTO Person VALUES ('Christy' , 'Huang' , '1028 Green View Court' , 'Chula Vista' , '91910' , 'California' , 'CHuang@gmail.com' ) ;
INSERT INTO Person VALUES ('Sydney' , 'Evans' , '1028 Green View Court' , 'Oregon City' , '97045' , 'Oregon' , 'SEvans@gmail.com' ) ;
INSERT INTO Person VALUES ('Katherine' , 'Baker' , '1037 Hayes Court' , 'Stoke-on-Trent' , 'AS23' , 'England' , 'KBaker@gmail.com' ) ;
INSERT INTO Person VALUES ('Edward' , 'Wood' , '1039 Adelaide St.' , 'West Covina' , '91791' , 'California' , 'EWood@gmail.com' ) ;
INSERT INTO Person VALUES ('Johnny' , 'Rai' , '104 Hilltop Dr.' , 'Springwood' , '2777' , 'New South Wales' , 'JRai@gmail.com' ) ;
INSERT INTO Person VALUES ('Emily' , 'Moore' , '104 Kaski Ln.' , 'Portland' , '97205' , 'Oregon' , 'EMoore@gmail.com' ) ;
INSERT INTO Person VALUES ('Randy' , 'Yang' , '1040 Greenbush Drive' , 'Silverwater' , '2264' , 'New South Wales' , 'RYang@gmail.com' ) ;
INSERT INTO Person VALUES ('Roy' , 'Ruiz' , '1040 Northridge Road' , 'London' , 'W1X3SE' , 'England' , 'RRuiz@gmail.com' ) ;
INSERT INTO Person VALUES ('Marshall' , 'Sun' , '1044 San Carlos' , 'Cincinnati' , '45202' , 'Ohio' , 'MSun@gmail.com' ) ;
INSERT INTO Person VALUES ('Gabriella' , 'Perez' , '1045 Lolita Drive' , 'Torrance' , '90505' , 'California' , 'GPerez@gmail.com' ) ;
INSERT INTO Person VALUES ('Erika' , 'Gill' , '1045 Lolita Drive' , 'Townsville' , '4810' , 'Queensland' , 'EGill@gmail.com' ) ;
INSERT INTO Person VALUES ('Kathryn' , 'Shen' , '1047 Las Quebradas Lane' , 'North Sydney' , '2055' , 'New South Wales' , 'KShen@gmail.com' ) ;
INSERT INTO Person VALUES ('Sharon' , 'Yuan' , '1048 Burwood Way' , 'Hervey Bay' , '4655' , 'Queensland' , 'SYuan@gmail.com' ) ;
INSERT INTO Person VALUES ('Victoria' , 'Lee' , '1048 Las Quebradas Lane' , 'Walla Walla' , '99362' , 'Washington' , 'VLee@gmail.com' ) ;
INSERT INTO Person VALUES ('Brenda' , 'Arun' , '1048 Las Quebradas Lane' , 'Wollongong' , '2500' , 'New South Wales' , 'BArun@gmail.com' ) ;
INSERT INTO Person VALUES ('Alex' , 'Scott' , '105 Clark Creek Lane' , 'Port Macquarie' , '2444' , 'New South Wales' , 'AScott@gmail.com' ) ;
INSERT INTO Person VALUES ('Yolanda' , 'Luo' , '105 Woodruff Ln.' , 'Bellingham' , '98225' , 'Washington' , 'YLuo@gmail.com' ) ;
INSERT INTO Person VALUES ('Martin' , 'Vance' , '1050 Creed Ave' , 'London' , 'W10 6BL' , 'England' , 'MVance@gmail.com' ) ;
INSERT INTO Person VALUES ('Jeremy' , 'Roberts' , '081, boulevard du Montparnasse' , 'Seattle' , '98104' , 'Washington' , 'JRoberts@yahoo.com' ) ;
INSERT INTO Person VALUES ('Amanda' , 'Ramirez' , '1 Smiling Tree Court' , 'Los Angeles' , '90012' , 'California' , 'ARamirez@yahoo.com' ) ;
INSERT INTO Person VALUES ('Jada' , 'Nelson' , '100, rue des Rosiers' , 'Everett' , '98201' , 'Washington' , 'JNelson@yahoo.com' ) ;
INSERT INTO Person VALUES ('Hunter' , 'Wright' , '1002 N. Spoonwood Court' , 'Berkeley' , '94704' , 'California' , 'HWright@yahoo.com' ) ;
INSERT INTO Person VALUES ('Sierra' , 'Wright' , '1005 Fremont Street' , 'Colma' , '94014' , 'California' , 'SWright@yahoo.com' ) ;
INSERT INTO Person VALUES ('Sarah' , 'Simmons' , '1005 Valley Oak Plaza' , 'Langley' , 'V3A 4R2' , 'British Columbia' , 'SSimmons@yahoo.com' ) ;
INSERT INTO Person VALUES ('Mandar' , 'Samant' , '1005 Valley Oak Plaza' , 'London' , 'SW6 SBY' , 'England' , 'MSamant@yahoo.com' ) ;
INSERT INTO Person VALUES ('Isaiah' , 'Rogers' , '1007 Cardinet Dr.' , 'El Cajon' , '92020' , 'California' , 'IRogers@yahoo.com' ) ;
INSERT INTO Person VALUES ('Ian' , 'Foster' , '1008 Lydia Lane' , 'Burbank' , '91502' , 'California' , 'IFoster@yahoo.com' ) ;
INSERT INTO Person VALUES ('Ben' , 'Miller' , '101 Candy Rd.' , 'Redmond' , '98052' , 'Washington' , 'BMiller@yahoo.com' ) ;
INSERT INTO Person VALUES ('Sarah' , 'Barnes' , '1011 Green St.' , 'Bellingham' , '98225' , 'Washington' , 'SBarnes@yahoo.com' ) ;
INSERT INTO Person VALUES ('Casey' , 'Martin' , '1013 Buchanan Rd' , 'Port Macquarie' , '2444' , 'New South Wales' , 'CMartin@yahoo.com' ) ;
INSERT INTO Person VALUES ('Victoria' , 'Murphy' , '1013 Buchanan Rd' , 'Yakima' , '98901' , 'Washington' , 'VMurphy@yahoo.com' ) ;
INSERT INTO Person VALUES ('Sydney' , 'Rogers' , '1016 Park Avenue' , 'Burbank' , '91502' , 'California' , 'SRogers@yahoo.com' ) ;
INSERT INTO Person VALUES ('Marvin' , 'Hernandez' , '1019 Book Road' , 'Rhodes' , '2138' , 'New South Wales' , 'MHernandez@yahoo.com' ) ;
INSERT INTO Person VALUES ('Carlos' , 'Carter' , '1019 Buchanan Road' , 'Woodland Hills' , '91364' , 'California' , 'CCarter@yahoo.com' ) ;
INSERT INTO Person VALUES ('Rebekah' , 'Garcia' , '1019 Candy Rd.' , 'Coffs Harbour' , '2450' , 'New South Wales' , 'RGarcia@yahoo.com' ) ;
INSERT INTO Person VALUES ('Haley' , 'Henderson' , '1019 Chance Drive' , 'Sedro Woolley' , '98284' , 'Washington' , 'HHenderson@yahoo.com' ) ;
INSERT INTO Person VALUES ('Jacob' , 'Taylor' , '1019 Kenwal Rd.' , 'Lake Oswego' , '97034' , 'Oregon' , 'JTaylor@yahoo.com' ) ;
INSERT INTO Person VALUES ('Seth' , 'Martin' , '1019 Pennsylvania Blvd' , 'Marysville' , '98270' , 'Washington' , 'SMartin@yahoo.com' ) ;
INSERT INTO Person VALUES ('Larry' , 'Suarez' , '102 Vista Place' , 'Milton Keynes' , 'MK8 8DF' , 'England' , 'LSuarez@yahoo.com' ) ;
INSERT INTO Person VALUES ('Garrett' , 'Vargas' , '10203 Acorn Avenue' , 'Calgary' , 'T2P 2G8' , 'Alberta' , 'GVargas@yahoo.com' ) ;
INSERT INTO Person VALUES ('Abby' , 'Martinez' , '1023 Hawkins Street' , 'Townsville' , '4810' , 'Queensland' , 'AMartinez@yahoo.com' ) ;
INSERT INTO Person VALUES ('Justin' , 'Thomas' , '1023 Riveria Way' , 'Burbank' , '91502' , 'California' , 'JThomas@yahoo.com' ) ;
INSERT INTO Person VALUES ('Evelyn' , 'Martinez' , '1023 Riviera Way' , 'Oxford' , 'OX1' , 'England' , 'EMartinez@yahoo.com' ) ;
INSERT INTO Person VALUES ('Pamela' , 'Chapman' , '1025 Yosemite Dr.' , 'Townsville' , '4810' , 'Queensland' , 'PChapman@yahoo.com' ) ;
INSERT INTO Person VALUES ('Kayla' , 'Griffin' , '1026 Mt. Wilson Pl.' , 'Lynnwood' , '98036' , 'Washington' , 'KGriffin@yahoo.com' ) ;
INSERT INTO Person VALUES ('Jill' , 'Navarro' , '1026 Mt. Wilson Pl.' , 'South Melbourne' , '3205' , 'Victoria' , 'JNavarro@yahoo.com' ) ;
INSERT INTO Person VALUES ('Nathan' , 'Walker' , '1028 Indigo Ct.' , 'Issaquah' , '98027' , 'Washington' , 'NWalker@yahoo.com' ) ;
INSERT INTO Person VALUES ('Tabitha' , 'Moreno' , '1028 Indigo Ct.' , 'Warrnambool' , '3280' , 'Victoria' , 'TMoreno@yahoo.com' ) ;
INSERT INTO Person VALUES ('Mason' , 'Sanchez' , '1028 Royal Oak Rd.' , 'Burlingame' , '94010' , 'California' , 'MSanchez@yahoo.com' ) ;
INSERT INTO Person VALUES ('Natasha' , 'Navarro' , '1029 Birchwood Dr' , 'Burien' , '98168' , 'Washington' , 'NNavarro@yahoo.com' ) ;
INSERT INTO Person VALUES ('Kevin' , 'Russell' , '1029 Birchwood Dr' , 'Olympia' , '98501' , 'Washington' , 'KRussell@yahoo.com' ) ;
INSERT INTO Person VALUES ('Katelyn' , 'Rivera' , '1030 Ambush Dr.' , 'Bury' , 'PE17' , 'England' , 'KRivera@yahoo.com' ) ;
INSERT INTO Person VALUES ('Alfredo' , 'Ortega' , '1032 Buena Vista' , 'North Ryde' , '2113' , 'New South Wales' , 'AOrtega@yahoo.com' ) ;
INSERT INTO Person VALUES ('Andrea' , 'Campbell' , '1032 Coats Road' , 'Stoke-on-Trent' , 'AS23' , 'England' , 'ACampbell@yahoo.com' ) ;
INSERT INTO Person VALUES ('Jeremy' , 'Peterson' , '1035 Arguello Blvd.' , 'San Diego' , '92102' , 'California' , 'JPeterson@yahoo.com' ) ;
INSERT INTO Person VALUES ('Arianna' , 'Ramirez' , '1036 Mason Dr' , 'Port Orchard' , '98366' , 'Washington' , 'ARamirez@yahoo.com' ) ;
INSERT INTO Person VALUES ('Mario' , 'Sharma' , '1039 Adelaide St.' , 'Port Macquarie' , '2444' , 'New South Wales' , 'MSharma@yahoo.com' ) ;
INSERT INTO Person VALUES ('Adam' , 'Collins' , '104 Hilltop Dr.' , 'Concord' , '94519' , 'California' , 'ACollins@yahoo.com' ) ;
INSERT INTO Person VALUES ('Taylor' , 'Martin' , '1040 Greenbush Drive' , 'Newton' , 'V2L3W8' , 'British Columbia' , 'TMartin@yahoo.com' ) ;
INSERT INTO Person VALUES ('Gabriel' , 'Collins' , '1040 Northridge Road' , 'Woodland Hills' , '91364' , 'California' , 'GCollins@yahoo.com' ) ;
INSERT INTO Person VALUES ('Randall' , 'Martin' , '1042 Hooftrail Way' , 'Newcastle' , '2300' , 'New South Wales' , 'RMartin@yahoo.com' ) ;
INSERT INTO Person VALUES ('Samantha' , 'Jenkins' , '1046 Cloverleaf Circle' , 'Shawnee' , 'V8Z 4N5' , 'British Columbia' , 'SJenkins@yahoo.com' ) ;
INSERT INTO Person VALUES ('Justin' , 'Simmons' , '1046 San Carlos Avenue' , 'Colma' , '94014' , 'California' , 'JSimmons@yahoo.com' ) ;
INSERT INTO Person VALUES ('Ethan' , 'Winston' , '1047 Las Quebradas Lane' , 'Oak Bay' , 'V8P' , 'British Columbia' , 'EWinston@yahoo.com' ) ;
INSERT INTO Person VALUES ('Hunter' , 'Roberts' , '1048 Burwood Way' , 'Haney' , 'V2W 1W2' , 'British Columbia' , 'HRoberts@yahoo.com' ) ;
INSERT INTO Person VALUES ('Nathaniel' , 'Murphy' , '105 Woodruff Ln.' , 'Oakland' , '94611' , 'California' , 'NMurphy@yahoo.com' ) ;
INSERT INTO Person VALUES ('Charles' , 'Wilson' , '1050 Creed Ave' , 'Lebanon' , '97355' , 'Oregon' , 'CWilson@yahoo.com' ) ;
INSERT INTO Person VALUES ('Carrie' , 'Alvarez' , '1050 Greenhills Circle' , 'Lane Cove' , '1597' , 'New South Wales' , 'CAlvarez@yahoo.com' ) ;
INSERT INTO Person VALUES ('Paige' , 'Alexander' , '1050 Greenhills Circle' , 'Langley' , 'V3A 4R2' , 'British Columbia' , 'PAlexander@yahoo.com' ) ;

INSERT INTO PersonRolesMap (id_Person, id_Role) SELECT id_Person, (SELECT id_Role FROM Roles WHERE role='Attendee') FROM Person;

INSERT INTO TempTable VALUES ('A dive into Data Quality Services','Steve','Simon','Intermediate','New York');
INSERT INTO TempTable VALUES ('A Dynamic World Demands Dynamic SQL','Jeremiah','Peschka','Intermediate','Kiyv');
INSERT INTO TempTable VALUES ('A Dynamic World Demands Dynamic SQL','Jeremiah','Peschka','Intermediate','Kiyv');
INSERT INTO TempTable VALUES ('Absolute Introductory Session on SQL Server 2014 In-Memory Optimized Databases (Hekaton)','Kevin','Goff','Beginner','Budapest');
INSERT INTO TempTable VALUES ('AlwaysOn: Improve reliability and reporting performance with one cool tech','Chris','Seferlis','Beginner','New York');
INSERT INTO TempTable VALUES ('An introduction to Data Mining','Steve','Simon','Intermediate','Kiyv');
INSERT INTO TempTable VALUES ('An Introduction to Database Design','Mohammad','Yusuf','Beginner','New York');
INSERT INTO TempTable VALUES ('Autogenerating a process data warehouse','Kennie','Pontoppidan','Advanced','New York');
INSERT INTO TempTable VALUES ('Automate your daily checklist with PBM and CMS','John','Sterrett','Intermediate','Budapest');
INSERT INTO TempTable VALUES ('Automated Installing and Configuration of SQL2014/SQL2012 AlwaysOn Across Multiple Datacenters','Thomas','Grohser','Intermediate','New York');
INSERT INTO TempTable VALUES ('Automated Installing and Configuration of SQL2014/SQL2012 AlwaysOn Across Multiple Datacenters','Thomas','Grohser','Intermediate','kiyv');
INSERT INTO TempTable VALUES ('Automating Execution Plan Analysis','Joe','Chang','Advanced','Kiyv');
INSERT INTO TempTable VALUES ('Automating Execution Plan Analysis','Joe','Chang','Advanced','New York');
INSERT INTO TempTable VALUES ('Automating SQL Server using PowerShell','Michael','Wharton','Intermediate','New York');
INSERT INTO TempTable VALUES ('Balanced Scorecards using SSRS','Sunil','Kadimdiwan','Intermediate','Budapest');
INSERT INTO TempTable VALUES ('Baselines and Performance Monitoring with PAL','Mike','Walsh','Beginner','New York');
INSERT INTO TempTable VALUES ('Basic Database Design','John','Miner','Beginner','New York');
INSERT INTO TempTable VALUES ('Basic Database Programming','John','Miner','Beginner','Kiyv');
INSERT INTO TempTable VALUES ('Become a BI Independent Consultant!','James','Serra','Beginner','Budapest');
INSERT INTO TempTable VALUES ('Best Practices Document','Paresh','Motiwala','Intermediate','Kiyv');
INSERT INTO TempTable VALUES ('Best Practices for Efficient SSRS Report Creation','Mickey','Stuewe','Beginner','New York');
INSERT INTO TempTable VALUES ('Biggest Loser: Database Edition','John','Miner','Intermediate','New York');
INSERT INTO TempTable VALUES ('Building a BI Solution in the Cloud','Stacia','Misner','Intermediate','Budapest');
INSERT INTO TempTable VALUES ('Building an Effective Data Warehouse Architecture','James','Serra','Beginner','New York');
INSERT INTO TempTable VALUES ('Building an Effective Data Warehouse Architecture with the cloud and MPP','James','Serra','Beginner','New York');
INSERT INTO TempTable VALUES ('Bulk load and minimal logged inserts','David','Peter Hansen','Advanced','New York');
INSERT INTO TempTable VALUES ('Business Analytics with SQL Server & Power Map:Everything you want to know but were afraid to ask','Steve','Simon','Intermediate','New York');
INSERT INTO TempTable VALUES ('Challenges to designing financial warehouses, lessons learnt','Steve','Simon','Intermediate','New York');
INSERT INTO TempTable VALUES ('Change Data Capture in SQL Server 2008/2012','Kevin','Goff','Intermediate','New York');
INSERT INTO TempTable VALUES ('Changing Your Habits to Improve the Performance of Your T-SQL','Mickey','Stuewe','Beginner','Kiyv');
INSERT INTO TempTable VALUES ('Clusters Your Way: #SANLess Clusters for Physical, Virtual, and Cloud Environments','Allan','Hirt and SIOS Technology','Beginner','Kiyv');
INSERT INTO TempTable VALUES ('Clusters Your Way: #SANLess Clusters for Physical, Virtual, and Cloud Environments','Allan','Hirt','Non-Technical','Kiyv');
INSERT INTO TempTable VALUES ('Coffee Break','SQLSatruday','364','Non-Technical','Budapest');
INSERT INTO TempTable VALUES ('Creating A Performance Health Repository - using MDW','Robert','Pearl','Beginner','Kiyv');
INSERT INTO TempTable VALUES ('Creating efficient and effective SSRS BI Solutions','Steve','Simon','Intermediate','Kiyv');
INSERT INTO TempTable VALUES ('Creating efficient and effective SSRS BI Solutions','Steve','Simon','Intermediate','New York');
INSERT INTO TempTable VALUES ('Data Partitioning','John','Flannery','Intermediate','New York');
INSERT INTO TempTable VALUES ('Data Tier Application Testing with NUnit and Distributed Replay','John','Flannery','Intermediate','New York');
INSERT INTO TempTable VALUES ('Database design for mere developers','Steve','Simon','Intermediate','Budapest');
INSERT INTO TempTable VALUES ('Database design for mere developers','Steve','Simon','Intermediate','New York');
INSERT INTO TempTable VALUES ('Database Design: Solving Problems Before they Start!','Edward','Pollack','Beginner','New York');
INSERT INTO TempTable VALUES ('Database Modeling and Design','Mohammad','Yusuf','Intermediate','New York');
INSERT INTO TempTable VALUES ('Database Virtualization and Drinking out of the Fire Hose','Michael','Corey','Intermediate','New York');
INSERT INTO TempTable VALUES ('DAX and the tabular model','Steve','Simon','Intermediate','Kiyv');
INSERT INTO TempTable VALUES ('DBA FOR DUMMIES','Robert','Pearl','Beginner','Budapest');
INSERT INTO TempTable VALUES ('Dealing With Difficult People','Gigi','Bell','Beginner','Kiyv');
INSERT INTO TempTable VALUES ('Development Lifecycle with SQL Server Data Tools and DACFx','John','Flannery','Intermediate','Kiyv');
INSERT INTO TempTable VALUES ('Did You Vote Today? A DBAs Guide to Cluster Quorum','Allan','Hirt','Advanced','Kiyv');
INSERT INTO TempTable VALUES ('Dimensional Modeling Design Patterns: Beyond Basics','Jason','Horner','Intermediate','Kiyv');
INSERT INTO TempTable VALUES ('Dimensional Modeling Design Patterns: Beyond Basics','Jason','Horner','Intermediate','Budapest');
INSERT INTO TempTable VALUES ('Diving Into Query Execution Plans','Edward','Pollack','Intermediate','New York');
INSERT INTO TempTable VALUES ('Dynamic SQL: Writing Efficient Queries on the Fly','Edward','Pollack','Beginner','Kiyv');
INSERT INTO TempTable VALUES ('Easy Architecture Design for HA and DR','Brent','Ozar','Intermediate','New York');
INSERT INTO TempTable VALUES ('Enhancing your career: Building your personal brand','James','Serra','Beginner','New York');
INSERT INTO TempTable VALUES ('Establishing a SLA','Thomas','Grohser','Intermediate','New York');
INSERT INTO TempTable VALUES ('ETL not ELT! Common mistakes and misconceptions about SSIS','Paul','Rizza','Advanced','Budapest');
INSERT INTO TempTable VALUES ('Event Kickoff and Networking','SQLSaturday','364','Non-Technical','New York');
INSERT INTO TempTable VALUES ('Execution Plans: What Can You Do With Them?','Grant','Fritchey','Intermediate','New York');
INSERT INTO TempTable VALUES ('Faster, Better Decisions with Self Service Business Analytics','Sayed','Saeed','Intermediate','New York');
INSERT INTO TempTable VALUES ('Full Text Indexing Basics','John','Miner','Beginner','Budapest');
INSERT INTO TempTable VALUES ('Get your Mining Model Predictions out to all','Steve','Simon','Intermediate','New York');
INSERT INTO TempTable VALUES ('Getting a job with Microsoft','Paul','Rizza','Non-Technical','New York');
INSERT INTO TempTable VALUES ('Graph Databases for SQL Server Professionals','Stéphane','Fréchette','Intermediate','New York');
INSERT INTO TempTable VALUES ('Hacking Exposé - Using SSL to Protect SQL Connections','Chris','Bell','Intermediate','New York');
INSERT INTO TempTable VALUES ('Hacking the SSIS 2012 Catalog','Andy','Leonard','Beginner','Budapest');
INSERT INTO TempTable VALUES ('Hidden in plain sight: master your tools','Varsham','Papikian','Intermediate','New York');
INSERT INTO TempTable VALUES ('Highly Available SQL Server in Windows Azure IaaS','David','Bermingham','Intermediate','New York');
INSERT INTO TempTable VALUES ('How to Make a LOT More Money as a Consultant','James','Serra','Beginner','New York');
INSERT INTO TempTable VALUES ('How to Think Like the Engine','Brent','Ozar','Intermediate','New York');
INSERT INTO TempTable VALUES ('Hybrid Cloud Scenarios with SQL Server 2014','George','Walters','Intermediate','Budapest');
INSERT INTO TempTable VALUES ('Hybrid Solutions: The Future of SQL Server Disaster Recovery','Allan','Hirt','Intermediate','Budapest');
INSERT INTO TempTable VALUES ('Implementing Data Warehouse Patterns with the Microsoft BI Tools','Kevin','Goff','Intermediate','Budapest');
INSERT INTO TempTable VALUES ('Inroduction to Triggers','Jack','Corbett','Beginner','Budapest');
INSERT INTO TempTable VALUES ('Integrating Reporting Services with SharePoint','Kevin','Goff','Intermediate','New York');
INSERT INTO TempTable VALUES ('Integration Services (SSIS) for the DBA','David','Peter Hansen','Intermediate','New York');
INSERT INTO TempTable VALUES ('Introducing Power BI','Stacia','Misner','Beginner','New York');
INSERT INTO TempTable VALUES ('Introduction to Database Recovery','John','Flannery','Beginner','New York');
INSERT INTO TempTable VALUES ('Introduction to High Availability with SQL Server','John','Sterrett','Beginner','New York');
INSERT INTO TempTable VALUES ('Introduction to Powershell for DBA','John','Sterrett','Beginner','New York');
INSERT INTO TempTable VALUES ('Introduction to SQL Server - Part 1','Brandon','Leach','Beginner','New York');
INSERT INTO TempTable VALUES ('Introduction to SQL Server - Part 2','Brandon','Leach','Beginner','New York');
INSERT INTO TempTable VALUES ('Is That A Failover Cluster On Your Laptop/Desktop?','Allan','Hirt','Intermediate','New York');
INSERT INTO TempTable VALUES ('Leaving the Windows Open','Jeremiah','Peschka','Intermediate','New York');
INSERT INTO TempTable VALUES ('Lunch Break','SQLSaturday','364','Non-Technical','New York');
INSERT INTO TempTable VALUES ('Lunchtime Keynote','SQLSaturday','364','Non-Technical','New York');
INSERT INTO TempTable VALUES ('Master Data Services Best Practices','Steve','Simon','Intermediate','New York');
INSERT INTO TempTable VALUES ('Master Data Services Disaster Recovery','Steve','Simon','Intermediate','New York');
INSERT INTO TempTable VALUES ('Mind your language!! Cursors are a dirty word','Steve','Simon','Intermediate','New York');
INSERT INTO TempTable VALUES ('Modern Data Warehousing','James','Serra','Beginner','New York');
INSERT INTO TempTable VALUES ('Monitoring Server health via Reporting Services dashboards','Steve','Simon','Intermediate','New York');
INSERT INTO TempTable VALUES ('Monitoring SQL Server using Extended Events','Hilary','Cotter','Beginner','New York');
INSERT INTO TempTable VALUES ('Multidimensional vs Tabular - May the Best Model Win','Stacia','Misner','Intermediate','New York');
INSERT INTO TempTable VALUES ('Murder They Wrote','Jason','Brimhall','Intermediate','New York');
INSERT INTO TempTable VALUES ('Never Have to Say "Mayday!!!" Again','Mike','Walsh','Beginner','New York');
INSERT INTO TempTable VALUES ('Now you see it! Now you don’t! Conjuring many reports utilizing only one SSRS report.','Steve','Simon','Intermediate','New York');
INSERT INTO TempTable VALUES ('Optimal Infrastructure Strategies for Cisco UCS, Nexus and SQL Server','Kevin','Schenega','Non-Technical','Budapest');
INSERT INTO TempTable VALUES ('Optimizing Protected Indexes','Chris','Bell','Intermediate','Budapest');
INSERT INTO TempTable VALUES ('Partitioning as a design pattern','Kennie','Pontoppidan','Advanced','Budapest');
INSERT INTO TempTable VALUES ('Power BI Components in Microsofts Self-Service BI Suite','Todd','Chittenden','Beginner','New York');
INSERT INTO TempTable VALUES ('Power to the people!!','Steve','Simon','Intermediate','Kiyv');
INSERT INTO TempTable VALUES ('PowerShell Basics for SQLServer','Michael','Wharton','Beginner','Kiyv');
INSERT INTO TempTable VALUES ('PowerShell for the Reluctant DBA / Developer','Jason','Horner','Beginner','Kiyv');
INSERT INTO TempTable VALUES ('Prevent Recovery Amnesia – Forget the Backups','Chris','Bell','Beginner','Kiyv');
INSERT INTO TempTable VALUES ('Query Optimization Crash Course','Edward','Pollack','Beginner','Kiyv');
INSERT INTO TempTable VALUES ('Rapid Application Development with Master Data Services','Steve','Simon','Intermediate','Kiyv');
INSERT INTO TempTable VALUES ('Recovery and Backup for Beginners','Mike','Hillwig','Beginner','Kiyv');
INSERT INTO TempTable VALUES ('Reduce, Reuse, Recycle: Automating Your BI Framework','Stacia','Misner','Intermediate','Kiyv');
INSERT INTO TempTable VALUES ('Replicaton Technologies','Hilary','Cotter','Advanced','Kiyv');
INSERT INTO TempTable VALUES ('Reporting Services for Mere DBAs','Jason','Brimhall','Intermediate','Kiyv');
INSERT INTO TempTable VALUES ('Scaling with SQL Server Service Broker','Hilary','Cotter','Advanced','Kiyv');
INSERT INTO TempTable VALUES ('Scaling with SQL Server Service Broker','Hilary','Cotter','Advanced','Kiyv');
INSERT INTO TempTable VALUES ('Self-Service Data Integration with Power Query','Stéphane','Fréchette','Beginner','Kiyv');
INSERT INTO TempTable VALUES ('Shortcuts to Building SSIS in .Net','Paul','Rizza','Beginner','Kiyv');
INSERT INTO TempTable VALUES ('So You Want To Be A Consultant?','Allan','Hirt','Beginner','Kiyv');
INSERT INTO TempTable VALUES ('SQL anti patterns','Kennie','Pontoppidan','Advanced','Kiyv');
INSERT INTO TempTable VALUES ('SQL Server 2012/2014 Columnstore index','Kevin','Goff','Intermediate','Kiyv');
INSERT INTO TempTable VALUES ('SQL Server 2012/2014 Performance Tuning All Up','George','Walters','Intermediate','Kiyv');
INSERT INTO TempTable VALUES ('SQL Server 2014 Data Access Layers','Steve','Simon','Intermediate','Kiyv');
INSERT INTO TempTable VALUES ('SQL Server 2014 New Features','George','Walters','Intermediate','Kiyv');
INSERT INTO TempTable VALUES ('SQL Server AlwaysOn Availability Groups','George','Walters','Beginner','Kiyv');
INSERT INTO TempTable VALUES ('SQL Server and the Cloud','David','Peter Hansen','Beginner','Kiyv');
INSERT INTO TempTable VALUES ('SQL Server Compression and what it can do for you','Jason','Brimhall','Advanced','Kiyv');
INSERT INTO TempTable VALUES ('SQL Server Reporting Services 2014 on Steroids!!','Steve','Simon','Intermediate','Kiyv');
INSERT INTO TempTable VALUES ('SQL Server Reporting Services Best Practices','Steve','Simon','Intermediate','Kiyv');
INSERT INTO TempTable VALUES ('SQL Server Reporting Services, attendees choose','Kevin','Goff','Intermediate','Kiyv');
INSERT INTO TempTable VALUES ('SQL Server Storage Engine under the hood','Thomas','Grohser','Intermediate','Kiyv');
INSERT INTO TempTable VALUES ('SQL Server Storage internals: Looking under the hood.','Brandon','Leach','Advanced','Kiyv');
INSERT INTO TempTable VALUES ('SSIS 2014 Data Flow Tuning Tips and Tricks','Andy','Leonard','Beginner','Kiyv');
INSERT INTO TempTable VALUES ('Standalone to High-Availability Clusters over Lunch—with Time to Spare','Carl','Berglund','Intermediate','Budapest');
INSERT INTO TempTable VALUES ('Stress testing SQL Server','Hilary','Cotter','Advanced','Kiyv');
INSERT INTO TempTable VALUES ('Table partitioning for Azure SQL Databases','John','Miner','Beginner','Kiyv');
INSERT INTO TempTable VALUES ('Testing','Melissa','Riley','Beginner','Kiyv');
INSERT INTO TempTable VALUES ('The future of the data professional','Adam','Jorgensen','Beginner','Kiyv');
INSERT INTO TempTable VALUES ('The Quest for the Golden Record:MDM Best Practices','Dennis','Messina','Beginner','Budapest');
INSERT INTO TempTable VALUES ('The Quest to Find Bad Data With Data Profiling','Richie','Rump','Intermediate','Budapest');
INSERT INTO TempTable VALUES ('The Spy Who Loathed Me - An Intro to SQL Security','Chris','Bell','Beginner','Budapest');
INSERT INTO TempTable VALUES ('Tired of the CRUD? Automate it!','Jack','Corbett','Intermediate','Budapest');
INSERT INTO TempTable VALUES ('Top 5 Ways to Improve Your triggers','Aaron','Bertrand','Intermediate','Budapest');
INSERT INTO TempTable VALUES ('Tricks that have saved my bacon','Greg','Moore','Beginner','Budapest');
INSERT INTO TempTable VALUES ('T-SQL : Bad Habits & Best Practices','Aaron','Bertrand','Beginner','Budapest');
INSERT INTO TempTable VALUES ('T-SQL for Application Developers - Attendees chose','Kevin','Goff','Intermediate','Budapest');
INSERT INTO TempTable VALUES ('Tune Queries By Fixing Bad Parameter Sniffing','Grant','Fritchey','Intermediate','Budapest');
INSERT INTO TempTable VALUES ('Using Extended Events in SQL Server','Jason','Brimhall','Advanced','Budapest');
INSERT INTO TempTable VALUES ('Watch Brent Tune Queries','Brent','Ozar','Intermediate','Budapest');
INSERT INTO TempTable VALUES ('What every SQL Server DBA needs to know about Windows Server 10 Technical Preview','David','Bermingham','Intermediate','Budapest');
INSERT INTO TempTable VALUES ('What exactly is big data and why should I care?','James','Serra','Beginner','Budapest');
INSERT INTO TempTable VALUES ('What is it like to work for Microsoft?','James','Serra','Beginner','Budapest');
INSERT INTO TempTable VALUES ('What’s new in SQL Server Integration Services 2012','Kevin','Goff','Intermediate','Budapest');
INSERT INTO TempTable VALUES ('Why do we shun using tools for DBA job?','Paresh','Motiwala','Intermediate','Budapest');
INSERT INTO TempTable VALUES ('Why OLAP? Building SSAS cubes and benefits of OLAP','Kevin','Goff','Intermediate','Budapest');
INSERT INTO TempTable VALUES ('You''re Doing It Wrong!!','Mike','Walsh','Intermediate','Budapest');
INSERT INTO TempTable VALUES ('Raffle', 'SQLSaturday', '364', 'Non-Technical', 'Kiyv');
INSERT INTO TempTable VALUES ('Registrations', 'SQLSaturday', '364', 'Non-Technical', 'Kiyv');

INSERT INTO Event VALUES ('06-May-17','SQLSaturday #626 - Budapest 2017','Budapest','Europe/Middle East/Africa');
INSERT INTO Event VALUES ('06-May-17','SQLSaturday #615 - Baltimore 2017','Baltimore','Canada/US');
INSERT INTO Event VALUES ('13-May-17','SQLSaturday #608 - Bogota 2017','Bogota','Latin America');
INSERT INTO Event VALUES ('20-May-17','SQLSaturday #616 - Kyiv 2017','Kiyv','Europe/Middle East/Africa');
INSERT INTO Event VALUES ('20-May-17','SQLSaturday #588 - New York City 2017','New York','Canada/US');
INSERT INTO Event VALUES ('27-May-17','SQLSaturday #630 - Brisbane 2017','Brisbane','Asia Pacific');
INSERT INTO Event VALUES ('27-May-17','SQLSaturday #599 - Plovdiv 2017','Plovdiv','Europe/Middle East/Africa');
INSERT INTO Event VALUES ('03-Jun-17','SQLSaturday #638 - Philadelphia 2017','Philadelphia','Canada/US');

  INSERT INTO Person (fName, lName) SELECT DISTINCT fName, lName FROM TempTable;

  INSERT INTO PersonRolesMap (id_Person, id_Role) SELECT Person.id_Person, (SELECT id_Role FROM Roles WHERE role='Presenter') FROM Person WHERE id_Person > 100;
  INSERT INTO PersonRolesMap (id_Person, id_Role) SELECT Person.id_Person, (SELECT id_Role FROM Roles WHERE role='Attendee') FROM Person WHERE id_Person > 100;

  DECLARE @count integer = 0;

  WHILE @count < (SELECT COUNT(*) FROM TempTable)
  BEGIN

	INSERT INTO Presentation (title, location) VALUES ((SELECT presentationTitle FROM TempTable WHERE id_TempTable=(@count + 1)), (SELECT event FROM TempTable WHERE id_TempTable=(@count + 1)));
	INSERT INTO PresentationDifficultyMap (id_Presentation, id_Difficulty) VALUES ((SELECT TOP 1 id_Presentation FROM Presentation ORDER BY id_Presentation DESC), (SELECT id_Difficulty FROM Difficulty WHERE difficulty=(SELECT difficulty FROM TempTable WHERE id_TempTable=@count + 1)));
	INSERT INTO PresentationTrackMap VALUES ((SELECT TOP 1 Track.id_Track FROM Track ORDER BY NEWID()), (SELECT TOP 1 id_Presentation FROM Presentation ORDER BY id_Presentation DESC));

	INSERT INTO PresenterPresentationMap (id_Presentation, id_Presenter)
	VALUES ((SELECT TOP 1 id_Presentation FROM Presentation ORDER BY id_Presentation DESC),
			(SELECT id_Person FROM Person WHERE fName=(SELECT fName FROM TempTable WHERE id_TempTable=(@count + 1)) AND lName=(SELECT lName FROM TempTable WHERE id_TempTable=(@count + 1))));


	SET @count = @count + 1;
  END

  SET @count = 1;
  WHILE @count <= (SELECT COUNT(*) FROM PresenterPresentationMap)
  BEGIN

	DECLARE @person integer = ((SELECT id_Presenter FROM PresenterPresentationMap WHERE id_PresenterPresentation=@count)),
			@presentation integer = ((SELECT id_Presentation FROM PresenterPresentationMap WHERE id_PresenterPresentation=@count));

	IF NOT EXISTS (SELECT * FROM EventScheduleMap WHERE id_Event=(SELECT id_Event FROM Event WHERE eventCity=(SELECT location FROM Presentation WHERE id_Presentation=@presentation)))
        BEGIN

          INSERT INTO Schedule VALUES (
            (SELECT id_Event FROM Event WHERE eventCity=(SELECT location FROM Presentation WHERE id_Presentation=@presentation)),
            @presentation,1,1);
          INSERT INTO EventScheduleMap VALUES (
            (SELECT id_Event FROM Event WHERE eventCity=(SELECT location FROM Presentation WHERE id_Presentation=@presentation)),
            (SELECT TOP 1 eventSchedule FROM Schedule ORDER BY id_Schedule DESC)
          );

        END
      ELSE
        BEGIN
          DECLARE @countTimes integer = 1;
          DECLARE @currentEventSchedule integer = (SELECT id_Schedule FROM EventScheduleMap WHERE id_Event = (SELECT id_Event FROM Event WHERE eventCity=(SELECT location FROM Presentation WHERE id_Presentation=@presentation)));
          DECLARE @inserted bit = 0;

          WHILE @countTimes <= (SELECT COUNT(*) FROM TimeSlot)
          BEGIN

            DECLARE @countRooms integer = 1;

            WHILE @countRooms <= (SELECT COUNT(*) FROM Room)
            BEGIN

              IF NOT EXISTS (SELECT * FROM PersonPresentationTimeMap WHERE id_Person=@person AND id_TimeSlot=@countTimes AND eventSchedule=@currentEventSchedule)
                BEGIN
                  IF NOT EXISTS (SELECT * FROM Schedule WHERE eventSchedule=@currentEventSchedule AND id_Room=@countRooms AND id_TimeSlot=@countTimes) AND @inserted = 0
                    BEGIN
                      INSERT INTO Schedule VALUES (@currentEventSchedule, @presentation, @countRooms, @countTimes);
                      SET @inserted = 1;

                    END
                END

              SET @countRooms = @countRooms + 1;
            END

            SET @countTimes = @countTimes + 1;

          END
	SET @count = @count + 1;
	END
  END